mmsi,name,flag,type,imo,start,end,lat,lon,legs,mean_leg_nm,spacing_nm,area_nm2,hours,path_nm
201500016,201500016,ALB,other,,2026-09-24 08:00:00+00:00,2026-09-27 16:00:00+00:00,23.06,122.18,5,21.47749328885331,5.357746829104739,991.7637293838109,80.0,121.62429921409017
413875014,CHINACOASTGUARD1303,CHN,other,,2026-09-01 00:00:00+00:00,2026-09-04 23:00:00+00:00,25.94,123.29,5,34.70536856446459,6.528488398920924,1322.351639178421,95.0,203.81121977976585
413875014,CHINACOASTGUARD1303,CHN,other,,2026-09-05 22:00:00+00:00,2026-09-06 22:00:00+00:00,25.63,123.11,4,42.338049253600346,4.072626656191835,2545.5435518433605,24.0,185.97497522398544
413875014,CHINACOASTGUARD1303,CHN,other,,2026-09-09 04:00:00+00:00,2026-09-14 02:00:00+00:00,25.83,123.27,8,33.192672887210776,3.7385237523076498,925.6496784847205,64.0,305.30967201643716
413875014,CHINACOASTGUARD1303,CHN,other,,2026-09-15 00:00:00+00:00,2026-09-18 22:00:00+00:00,25.92,123.28,11,32.81997867268837,3.2278728206021077,1785.1701729568065,94.0,409.32610747182576
413875010,CHINACOASTGUARD1401,CHN,other,,2026-09-04 16:00:00+00:00,2026-09-07 02:00:00+00:00,22.22,122.92,4,63.694538250294826,16.255714295737576,4165.414725531669,58.0,263.59122132639817
413875010,CHINACOASTGUARD1401,CHN,other,,2026-09-10 11:00:00+00:00,2026-09-12 11:00:00+00:00,22.7,123.06,6,29.36978675927068,15.836189913161586,2644.713367099202,48.0,322.0856336912452
413875010,CHINACOASTGUARD1401,CHN,other,,2026-09-21 03:00:00+00:00,2026-09-22 14:00:00+00:00,22.74,122.9,4,65.44717439432057,7.015968532878184,4297.642827329864,35.0,275.9388032209851
413875010,CHINACOASTGUARD1401,CHN,other,,2026-09-22 19:00:00+00:00,2026-09-24 02:00:00+00:00,21.97,122.89,5,41.15477485850448,12.655786621939374,2909.169570695567,31.0,216.81060331026214
413875015,CHINACOASTGUARD1304,CHN,other,,2026-09-03 01:00:00+00:00,2026-09-11 16:00:00+00:00,25.87,123.28,15,34.66890755192495,3.4799617347983154,925.6496784847205,92.0,614.5684917583106
412529818,GUIBEIYU80888,CHN,other,,2026-09-16 03:00:00+00:00,2026-09-18 09:00:00+00:00,21.91,119.23,5,26.91685679361318,6.41149690306128,1057.8752580973219,54.0,163.74867687979327
416005696,NEW OCEANRESEARCHER3,TWN,seismic,9827499,2026-09-08 13:00:00+00:00,2026-09-10 15:00:00+00:00,22.1,121.4,5,46.82521853990342,7.755930712818529,2247.993751106377,50.0,282.70807883082824
413875012,CHINACOASTGUARD1301,CHN,other,,2026-09-25 02:00:00+00:00,2026-09-26 16:00:00+00:00,25.9,123.32,4,27.15473874608222,4.6499224930642225,925.6496784847205,38.0,129.97593540981407
413875012,CHINACOASTGUARD1301,CHN,other,,2026-09-27 04:00:00+00:00,2026-09-29 19:00:00+00:00,26.04,123.36,4,26.99528024626838,3.874380198015114,694.2416726883247,63.0,131.50448742588856
413875043,CHINACOASTGUARD2503,CHN,other,,2026-09-10 09:00:00+00:00,2026-09-16 03:00:00+00:00,22.58,122.69,6,50.78244586950397,10.206193507650529,3471.1579197298047,93.0,306.88483125635736
413875043,CHINACOASTGUARD2503,CHN,other,,2026-09-16 04:00:00+00:00,2026-09-19 17:00:00+00:00,22.78,122.8,7,66.76013670122005,5.754372957445394,3967.032217864938,85.0,491.89156622803546
413875043,CHINACOASTGUARD2503,CHN,other,,2026-09-27 09:00:00+00:00,2026-09-29 23:00:00+00:00,23.27,122.83,4,38.600453643312946,13.082676542634744,3008.3368637658227,62.0,162.1597725845417
413875018,CHINACOASTGUARD1307,CHN,other,,2026-09-23 13:00:00+00:00,2026-09-26 16:00:00+00:00,25.97,123.3,5,36.28905853300245,3.570350187769654,793.4190545009436,75.0,186.62624286847668
